Criteria,AHP_Weight
DHI,0.22045586453770774
DNI,0.20027637656381508
GHI,0.3104978540188411
RELATIVE_HUMIDITY,0.08632332143403118
WIND_SPEED_10m,0.0735485563868993
NDVI,0.038494095776604835
LST,0.07040393128210073
Consistency Ratio (CR),0.026135434647604185
